{"cameraMode":{"drawMode":0,"name":"Shaded","section":"Shading Mode"},"sceneLighting":true,"audioPlay":false,"sceneViewState":{"m_AlwaysRefresh":false,"showFog":true,"showSkybox":true,"showFlares":true,"showImageEffects":true,"showParticleSystems":true,"showVisualEffectGraphs":true,"m_FxEnabled":true},"in2DMode":false,"pivot":{"x":456.7773742675781,"y":76.88853454589844,"z":0.88433837890625},"rotation":{"x":-0.03779986500740051,"y":-0.005399081856012344,"z":0.00020417348423507065,"w":-0.9992693066596985},"size":369.4330139160156,"orthographic":false}