{"cameraMode":{"drawMode":0,"name":"Shaded","section":"Shading Mode"},"sceneLighting":true,"audioPlay":false,"sceneViewState":{"m_AlwaysRefresh":false,"showFog":true,"showSkybox":true,"showFlares":true,"showImageEffects":true,"showParticleSystems":true,"showVisualEffectGraphs":true,"m_FxEnabled":true},"in2DMode":false,"pivot":{"x":302.28399658203127,"y":181.90814208984376,"z":15.653730392456055},"rotation":{"x":-0.034802019596099856,"y":0.005094633437693119,"z":-0.0001782281178748235,"w":-0.9993809461593628},"size":275.27069091796877,"orthographic":false}