{"cameraMode":{"drawMode":0,"name":"Shaded","section":"Shading Mode"},"sceneLighting":true,"audioPlay":false,"sceneViewState":{"m_AlwaysRefresh":false,"showFog":true,"showSkybox":true,"showFlares":true,"showImageEffects":true,"showParticleSystems":true,"showVisualEffectGraphs":true,"m_FxEnabled":true},"in2DMode":false,"pivot":{"x":-6.161928176879883,"y":-1.2752113342285157,"z":0.7798595428466797},"rotation":{"x":-0.11842991411685944,"y":0.04079638049006462,"z":-0.004870760254561901,"w":-0.9921099543571472},"size":18.001392364501954,"orthographic":false}