{"cameraMode":{"drawMode":0,"name":"Shaded","section":"Shading Mode"},"sceneLighting":true,"audioPlay":false,"sceneViewState":{"m_AlwaysRefresh":false,"showFog":true,"showSkybox":true,"showFlares":true,"showImageEffects":true,"showParticleSystems":true,"showVisualEffectGraphs":true,"m_FxEnabled":true},"in2DMode":false,"pivot":{"x":-0.6064877510070801,"y":4.695404052734375,"z":0.24581730365753175},"rotation":{"x":0.008690167218446732,"y":-0.003901990596204996,"z":-0.0000344249710906297,"w":-0.9999539256095886},"size":4.497949600219727,"orthographic":false}